{
    "accuracy": 0.7669781931464175,
    "f1": 0.7755102040816326,
    "roc_auc": 0.8556306425215142,
    "optimal_threshold": -0.011894060298800468
}