{
    "accuracy": 0.8169014084507042,
    "f1": 0.8645833333333334,
    "roc_auc": 0.8817767269042391,
    "optimal_threshold": -0.039559073746204376
}