model,dataset,aucs
qwen_2.5_7b_instruct,gsm8k,"[np.float32(0.07019046), np.float32(0.09439754), np.float32(0.11450575), np.float32(0.120994695), np.float32(0.111239225), np.float32(0.10793857), np.float32(0.11207366), np.float32(0.10732919), np.float32(0.11042603), np.float32(0.114951216), np.float32(0.11222109), np.float32(0.10245821), np.float32(0.09467496), np.float32(0.08401818)]"
qwen_2.5_7b_instruct,trivia_qa_2_60k,"[np.float32(0.057373345), np.float32(0.05520752), np.float32(0.054805648), np.float32(0.06174436), np.float32(0.0657788), np.float32(0.060593072), np.float32(0.064780794), np.float32(0.06857413), np.float32(0.08096514), np.float32(0.098805666), np.float32(0.110912174), np.float32(0.09046073), np.float32(0.07275206), np.float32(0.06833994)]"
qwen_2.5_7b_instruct,birth_years_4k,"[np.float32(0.048828214), np.float32(0.10831976), np.float32(0.14325729), np.float32(0.16034438), np.float32(0.21541016), np.float32(0.21089776), np.float32(0.25928622), np.float32(0.26463607), np.float32(0.30714086), np.float32(0.34025207), np.float32(0.31982943), np.float32(0.26556975), np.float32(0.27833137), np.float32(0.279347)]"
qwen_2.5_7b_instruct,cities_10k,"[np.float32(0.101596475), np.float32(0.1343172), np.float32(0.12187992), np.float32(0.14540212), np.float32(0.17390068), np.float32(0.15711984), np.float32(0.20332508), np.float32(0.26448652), np.float32(0.3131128), np.float32(0.39310795), np.float32(0.45922774), np.float32(0.37096754), np.float32(0.2558191), np.float32(0.23914291)]"
qwen_2.5_7b_instruct,medals_9k,"[np.float32(0.08300538), np.float32(0.09213531), np.float32(0.08530847), np.float32(0.08130581), np.float32(0.0751091), np.float32(0.06843515), np.float32(0.07017428), np.float32(0.07383424), np.float32(0.07547847), np.float32(0.07137674), np.float32(0.07280747), np.float32(0.06743672), np.float32(0.07725007), np.float32(0.07738618)]"
qwen_2.5_7b_instruct,math_operations_6k,"[np.float32(0.382158), np.float32(0.4435687), np.float32(0.43514183), np.float32(0.5015469), np.float32(0.6089923), np.float32(0.63888544), np.float32(0.6777539), np.float32(0.70764977), np.float32(0.66765016), np.float32(0.6570395), np.float32(0.65142375), np.float32(0.4153279), np.float32(0.30656826), np.float32(0.2903846)]"
