{
    "accuracy": 0.7764084507042254,
    "f1": 0.8627027027027027,
    "roc_auc": 0.7612856170378294,
    "optimal_threshold": -0.04016029089689255
}