{
    "accuracy": 0.7478386167146974,
    "f1": 0.8372093023255814,
    "roc_auc": 0.7364857660731421,
    "optimal_threshold": -0.012859722599387169
}