{
    "accuracy": 0.8069164265129684,
    "f1": 0.8562231759656652,
    "roc_auc": 0.8725780495654972,
    "optimal_threshold": -0.04016029089689255
}