{
    "accuracy": 0.8098591549295775,
    "f1": 0.8608247422680413,
    "roc_auc": 0.7758824522884649,
    "optimal_threshold": 1.0,
    "model": "LogisticRegression(max_iter=1000, random_state=42)"
}