{
    "accuracy": 0.6512968299711815,
    "f1": 0.7888307155322862,
    "roc_auc": 0.16117062853464525,
    "optimal_threshold": 7.577938276881468e-12,
    "model": "LogisticRegression(max_iter=1000, random_state=42)"
}