{
    "accuracy": 0.7582554517133956,
    "f1": 0.7619631901840491,
    "roc_auc": 0.8542486420680938,
    "optimal_threshold": 0.012088686227798462
}